{
    "duicore":{
        "version":"1.2.18.1"
    },
    "android":{
        "algorithm_version":{
            "WTK_CORE_VERSION":"v1.1.14.RC1",
            "ASR_VERSION":"v1.0.15",
            "VAD_VERSION":"v1.3.1",
            "ASRPP_VERSION":"v1.0.8",
            "LOCAL_WAKEUP_VERSION":"v1.6.17",
            "AEC_VERSION":"v0.9.12",
            "NR_VERSION":"v1.0.1",
            "FESPA_VERSION":"v2.0.0.66",
            "TTS_VERSION":"v2.1.21",
            "LINEMIC_VERSION":"v2.0.0.66",
            "FESPCAR_VERSION":"v3.0.3.3",
            "FESPD_VERSION":"v2.0.0.66",
            "SSPE_VERSION":"v2.0.0.66",
            "SEVC_VERSION":"v2.0.0.66"
        },
        "core":{
            "wtk":{
                "version":"v1.1.14.RC1"
            },
            "aec":{
                "version":"v2.29.2"
            },
            "fdm":{
                "version":"v1.14.0"
            },
            "linemic":{
                "version":"v2.29.2"
            },
            "fespa":{
                "version":"v2.29.2"
            },
            "wakeup":{
                "version":"v2.29.2"
            },
            "tts":{
                "version":"v2.29.2"
            },
            "asr":{
                "version":"v2.29.2"
            },
            "gram":{
                "version":"v2.29.2"
            },
            "vad":{
                "version":"v2.29.2"
            },
            "nr":{
                "version":"v2.29.2"
            },
            "asrpp":{
                "version":"v2.29.2"
            },
            "fespCar":{
                "version":"v2.22.2"
            },
            "fespd":{
                "version":"v2.29.2"
            }
        },
        "wakeup":{
            "res_format":"wakeup.bin",
            "res_name":"wakeup_aicar_comm_v0.19.0.bin",
            "res_md5":"905bd9e06f6d7ea48ba95d8ba6ed9361"
        },
        "wakeup_far":{
            "res_format":"wakeup_far.bin",
            "res_name":"wakeup_aifar_comm_20180104.bin",
            "res_md5":"0507e6588c7fc6d8ca4feeb12e6cec68"
        },
        "wakeup_vprint":{
            "res_format":"wakeup_vprint.bin",
            "res_name":"wakeup_aicar_comm_v0.19.0_vp1.3.bin",
            "res_md5":"a43427721fea1c01954d89ff8a1025a7"
        },
        "near_wakeup":{
            "res_nearwakeup_far_format":"nearwakeup_far.bin",
            "res_nearwakeup_far_name":"wakeup_aifar_comm_20180104.bin",
            "res_nearwakeup_far_md5":"0507e6588c7fc6d8ca4feeb12e6cec68",
            "res_mds_wakeup_format":"mds_wakeup.bin",
            "res_mds_wakeup_name":"mds_offline_ch1_1_0_config_20200714_v2.70.0.9.bin",
            "res_mds_wakeup_md5":"adc9ea6d64fbd2cf043a0241a4f3cf04"
        },
        "aec":{
            "res_format":"aec.bin",
            "res_name":"AEC_ch2-2-ch1_1ref_emd_20200508_v2.50.0.10.bin",
            "res_md5":"fdc77bae435b2ae62850a4be2afa0732"
        },
        "tts":{
            "res_db_format":"sent_dict.db",
            "res_db_name":"v2.1.21_aitts_sent_dict_local.db",
            "res_db_md5":"fd9882fb42ac04f31110c4a6ce84df56",
            "res_front_format":"local_front.bin",
            "res_front_name":"v2.1.21_local_front.bin",
            "res_front_md5":"ce5c9e175d6483e82d6361c0149a93fb",
            "res_speaker_f_format":"zhilingf.bin",
            "res_speaker_f_name":"zhilingf_common_back_ce_local.v2.1.0.bin",
            "res_speaker_f_md5":"ec0265859c87b097eb51fbf762c69aeb",
            "res_speaker_m_format":"gdgm.bin",
            "res_speaker_m_name":"guodgm_common_back_ce_local.v2.1.0.bin",
            "res_speaker_m_md5":"37774d4cb191078fb18eda6084eab651"
        },
        "asr":{
            "res_format":"ebnfr.bin",
                "res_name":"ebnfr.aicar.1.3.0.bin",
            "res_md5":"6e071b8e5ba636749768b381dc8d1121"
        },
        "gram":{
            "res_format":"ebnfc.bin",
            "res_name":"ebnfc.aicar.1.2.0.bin",
            "res_md5":"7ba56ccc88685f1f280bb4325a43d121"
        },
        "asrpp":{
            "res_age_format":"asrpp_age.bin",
            "res_age_name":"local_model_16k_age_6skip_8bit_dir2019-11-22.binn",
            "res_age_md5":"ee7eb7a134cf30681b28d4d3f72a4a18",
            "res_gender_format":"asrpp_gender.bin",
            "res_gender_name":"gender_local_model_dir_2019-09-02.bin",
            "res_gender_md5":"c8d2616df79d5332ea71dcf020859136"
        },
        "nr":{
            "res_format":"nr.bin",
            "res_name":"NR_ch1-2-ch1_com_20171117_v1.0.0.bin",
            "res_md5":"048a1b269b9ca336e924a02efe3e247c" 
        },
        "vad":{
            "res_format":"vad.bin",
            "res_name":"vad_aicar_v0.15.bin",
            "res_md5":"5d4dcddca502ea0d4a5fcddfddb3318f",
            "res_ssp_format":"vad_aicar_ssp.bin",
            "res_ssp_name":"?????",
            "res_ssp_md5":"1360f8fcb3d1ff3ac48a531a89f71132",
            "res_far_format":"vad_far.bin",
            "res_far_name":"vad_aihome_v0.12c.bin",
            "res_far_md5":"d2360db86476969fb81626445d80b84e"
        },
        "ula":{
            "res_ula_2_format":"ULA_asr_2.bin",
            "res_ula_2_name":"sspe_aec_uda_bss_wkp_30mm_ch4_2mic_2ref_v2.0.0.65",
            "res_ula_2_md5":"4b56e18e727be6cf971703d3a22d8a55",
            "res_ula_4_format":"ULA_asr_4.bin",
            "res_ula_4_name":"/fespl/sspe_ula_wkp_35mm_ch4_v2.0.0.65.bin",
            "res_ula_4_md5":"247eba75b1a6f3a91ae7b1c1b5a69d45",
            "res_ula_6_format":"ULA_asr_6.bin",
            "res_ula_6_name":"/fespl/sspe_ula_wkp_35mm_ch6_v2.0.0.65.bin",
            "res_ula_6_md5":"6f33751db9792bb9e46db318f3ee7eb7",
            "res_mds_ula_2_format":"mds_ula_2.bin",
            "res_mds_ula_2_name":"mds_offline_ch2_2_0_config_20200714_v2.70.0.9.bin",
            "res_mds_ula_2_md5":"6e5b936c940fc16a3906fffc528cb943",
            "res_mds_ula_4_format":"mds_ula_4.bin",
            "res_mds_ula_4_name":"mds_offline_ch4_2_2_config_20200714_v2.70.0.9.bin",
            "res_mds_ula_4_md5":"0a5912af9d64be7bd59656365a082632"
        },
        "uca":{
            "res_uca_4_format":"UCA_asr_4.bin",
            "res_uca_4_name":"/fespa/sspe_uca_wkp_70mm_ch4_v2.0.0.65.bin",
            "res_uca_4_md5":"e6f1a9c2ef8d644a7218df81f80c7797",
            "res_uca_6_format":"UCA_asr_6.bin",
            "res_uca_6_name":"/fespa/sspe_uca_wkp_72mm_ch6_v2.0.0.65.bin",
            "res_uca_6_md5":"dcb82592f8f804202416052f58e8fd5d"
        },
        "fespCar":{
            "res_aec_format":"aec4_2.bin",
            "res_aec_name":"AEC_ch4-2-ch2_2ref_common_20191115_v2.0.8.bin",
            "res_aec_md5":"eccbb31cf909aa4648781669234cf594", 
            "res_uda_format":"UDA_asr.bin",
            "res_uda_name":"ULDA_asr_ch2_2_ch2_30mm_20190910_v1.1.1.2_nlms0ff_vpOn_tpA.bin",
            "res_uda_md5":"ff584d17692cffd66350ce8a0b508348",
            "res_wakeup_ssp_format":"wakeup_aicar_ssp.bin",
            "res_wakeup_ssp_name":"wakeup_aicar_comm_v0.19.0_use_stream_vp1.3.bin",
            "res_wakeup_ssp_md5":"f83b4d00ccd3e22fc16c160d541e423d"
        },
        "vprint":{
            "res_gender_format":"asrpp_gender.bin",
            "res_gender_name":"gender_local_model_dir_2019-09-02.bin",
            "res_gender_md5":"c8d2616df79d5332ea71dcf020859136",
            "res_1_mic_format":"vprint_1.bin",
            "res_1_mic_name":"vprint_nhxc_1mic_20190930_float.bin",
            "res_1_mic_md5":"de836992bf3c6d978c94cb4d30bf18dd",
            "res_2_mic_format":"vprint_2.bin",
            "res_2_mic_name":"vprint_nhxc_2mic_20190930_float.bin",
            "res_2_mic_md5":"1d744db42a62c65afc127ee8a74e8d41"
        }
    },
    "ios":{
        "core":{
            "wtk":{
                "version":"libwtk.v1.9.33.ios_release"
            },
            "wakeup":{
                "version":"v1.4.1"
            },
            "aec":{
                "version":"aec.v0.9.4"
            },
            "tts":{
                "version":"libtts.v2.1.2.ios_release"
            },
            "asr":{
                "version":"wtk1.9.23.5"
            },
            "gram":{
                "version":"wtk1.9.23.5"
            }
        },
        "wakeup":{
            "res_format":"wakeup.bin",
            "res_name":"wakeup_aicar_comm_v0.16.0.bin",
            "res_md5":"c857b59088c81876823c352e10fe00e4"
        },
        "wakeup_far":{
            "res_format":"wakeup_far.bin",
            "res_name":"wakeup_aifar_comm_20180104.bin",
            "res_md5":"0507e6588c7fc6d8ca4feeb12e6cec68"
        },
        "aec":{
            "res_format":"aec.bin",
            "res_name":"AEC_ch2-2-ch1_1ref_common_20170710_v0.8.1.bin",
            "res_md5":"da8969211cde7b1759e487c3647cedd5"
        },
        "tts":{
            "res_db_format":"sent_dict.db",
            "res_db_name":"aitts_sent_dict_idx_2.0.4_20180806.db",
            "res_db_md5":"a6775089c8e9c4ed5ba61e7687f37666",
            "res_front_format":"local_front.bin",
            "res_front_name":"local_front.bin",
            "res_front_md5":"a13bd7d564ed5b9c39ae7e0af66e91b3",
            "res_speaker_f_format":"zhilingf.bin",
            "res_speaker_f_name":"zhilingf_common_back_ce_local.v2.1.0.bin",
            "res_speaker_f_md5":"ec0265859c87b097eb51fbf762c69aeb",
            "res_speaker_m_format":"gdgm.bin",
            "res_speaker_m_name":"guodgm_common_back_ce_local.v2.1.0.bin",
            "res_speaker_m_md5":"37774d4cb191078fb18eda6084eab651"
        },
        "asr":{
            "res_format":"ebnfr.bin",
            "res_name":"ebnfr.aicar.1.3.0.bin",
            "res_md5":"6e071b8e5ba636749768b381dc8d1121"
        },
        "gram":{
            "res_format":"ebnfc.bin",
            "res_name":"ebnfc.aicar.1.1.0.bin",
            "res_md5":"248a8bcc98a4db842ee9eceb38fe9b0b"
        },
        "ula":{
            "res_ula_format":"ULA_asr_4.bin",
            "res_ula_name":"ULA_asr_ch4-2-ch4_35mm_20180612_v1.1.0.1.bin",
            "res_ula_md5":"7eb5304cd670860dc11045de655d62eb"
        },
        "uca":{
            "res_uca_6_format":"UCA_asr_6.bin",
            "res_uca_6_name":"UCA_asr_ch6-2-ch6_72mm_comm_20180504_v1.2.5.bin",
            "res_uca_6_md5":"7cd614b9c03e56f73f9becdadf584509"
        }
    }
}